"area_fips","own_code","industry_code","agglvl_code","size_code","year","qtr","disclosure_code","area_title","own_title","industry_title","agglvl_title","size_title","annual_avg_estabs_count","annual_avg_emplvl","total_annual_wages","taxable_annual_wages","annual_contributions","annual_avg_wkly_wage","avg_annual_pay","lq_disclosure_code","lq_annual_avg_estabs_count","lq_annual_avg_emplvl","lq_total_annual_wages","lq_taxable_annual_wages","lq_annual_contributions","lq_annual_avg_wkly_wage","lq_avg_annual_pay","oty_disclosure_code","oty_annual_avg_estabs_count_chg","oty_annual_avg_estabs_count_pct_chg","oty_annual_avg_emplvl_chg","oty_annual_avg_emplvl_pct_chg","oty_total_annual_wages_chg","oty_total_annual_wages_pct_chg","oty_taxable_annual_wages_chg","oty_taxable_annual_wages_pct_chg","oty_annual_contributions_chg","oty_annual_contributions_pct_chg","oty_annual_avg_wkly_wage_chg","oty_annual_avg_wkly_wage_pct_chg","oty_avg_annual_pay_chg","oty_avg_annual_pay_pct_chg"
"02000","5","221115","58","0","2015","A","N","Alaska -- Statewide","Private","Wind electric power generation","State, NAICS 6-digit -- by ownership sector","All establishment sizes",2,0,0,0,0,0,0,"N",3.39,0,0,0,0,0,0,"N",0,0.0,0,0,0,0,0,0,0,0,0,0,0,0
"02020","5","221115","78","0","2015","A","N","Anchorage Borough, Alaska","Private","Wind electric power generation","County, NAICS 6-digit -- by ownership sector","All establishment sizes",1,0,0,0,0,0,0,"N",4.50,0,0,0,0,0,0,"N",0,0.0,0,0,0,0,0,0,0,0,0,0,0,0
"02240","5","221115","78","0","2015","A","N","Southeast Fairbanks Census Area, Alaska","Private","Wind electric power generation","County, NAICS 6-digit -- by ownership sector","All establishment sizes",1,0,0,0,0,0,0,"N",140.97,0,0,0,0,0,0,"N",0,0.0,0,0,0,0,0,0,0,0,0,0,0,0
"04000","5","221115","58","0","2015","A","N","Arizona -- Statewide","Private","Wind electric power generation","State, NAICS 6-digit -- by ownership sector","All establishment sizes",1,0,0,0,0,0,0,"N",0.25,0,0,0,0,0,0,"N",0,0.0,0,0,0,0,0,0,0,0,0,0,0,0
"04005","5","221115","78","0","2015","A","N","Coconino County, Arizona","Private","Wind electric power generation","County, NAICS 6-digit -- by ownership sector","All establishment sizes",1,0,0,0,0,0,0,"N",11.33,0,0,0,0,0,0,"N",0,0.0,0,0,0,0,0,0,0,0,0,0,0,0
"06000","5","221115","58","0","2015","A","","California -- Statewide","Private","Wind electric power generation","State, NAICS 6-digit -- by ownership sector","All establishment sizes",36,529,60914895,4025872,218846,2215,115187,"",0.96,1.07,1.09,0.70,0.72,1.02,1.02,"",2,5.9,43,8.8,8819389,16.9,186954,4.9,3941,1.8,152,7.4,7921,7.4
"06001","5","221115","78","0","2015","A","N","Alameda County, California","Private","Wind electric power generation","County, NAICS 6-digit -- by ownership sector","All establishment sizes",3,0,0,0,0,0,0,"N",1.92,0,0,0,0,0,0,"N",1,50.0,0,0,0,0,0,0,0,0,0,0,0,0
"06027","5","221115","78","0","2015","A","N","Inyo County, California","Private","Wind electric power generation","County, NAICS 6-digit -- by ownership sector","All establishment sizes",1,0,0,0,0,0,0,"N",50.80,0,0,0,0,0,0,"N",1,100.0,0,0,0,0,0,0,0,0,0,0,0,0
"06029","5","221115","78","0","2015","A","","Kern County, California","Private","Wind electric power generation","County, NAICS 6-digit -- by ownership sector","All establishment sizes",11,91,6314151,614258,33443,1338,69577,"",23.77,9.58,8.25,5.55,5.42,0.86,0.86,"",-2,-15.4,-140,-60.6,-15360462,-70.9,-1260955,-67.2,-70051,-67.7,-470,-26.0,-24422,-26.0
"06037","5","221115","78","0","2015","A","N","Los Angeles County, California","Private","Wind electric power generation","County, NAICS 6-digit -- by ownership sector","All establishment sizes",2,0,0,0,0,0,0,"N",0.17,0,0,0,0,0,0,"N",1,100.0,0,0,0,0,0,0,0,0,0,0,0,0
"06047","5","221115","78","0","2015","A","N","Merced County, California","Private","Wind electric power generation","County, NAICS 6-digit -- by ownership sector","All establishment sizes",1,0,0,0,0,0,0,"N",6.20,0,0,0,0,0,0,"N",0,0.0,0,0,0,0,0,0,0,0,0,0,0,0
"06061","5","221115","78","0","2015","A","N","Placer County, California","Private","Wind electric power generation","County, NAICS 6-digit -- by ownership sector","All establishment sizes",1,0,0,0,0,0,0,"N",3.20,0,0,0,0,0,0,"N",0,0.0,0,0,0,0,0,0,0,0,0,0,0,0
"06065","5","221115","78","0","2015","A","","Riverside County, California","Private","Wind electric power generation","County, NAICS 6-digit -- by ownership sector","All establishment sizes",7,93,7439373,555847,33545,1536,79850,"",4.72,4.64,4.72,2.52,2.91,1.02,1.02,"",1,16.7,8,9.4,1624874,27.9,-54634,-8.9,-2487,-6.9,219,16.6,11377,16.6
"06073","5","221115","78","0","2015","A","N","San Diego County, California","Private","Wind electric power generation","County, NAICS 6-digit -- by ownership sector","All establishment sizes",2,0,0,0,0,0,0,"N",0.73,0,0,0,0,0,0,"N",1,100.0,0,0,0,0,0,0,0,0,0,0,0,0
"06075","5","221115","78","0","2015","A","","San Francisco County, California","Private","Wind electric power generation","County, NAICS 6-digit -- by ownership sector","All establishment sizes",3,69,18700915,585965,26334,5200,270375,"",1.93,3.36,5.14,2.23,1.92,1.53,1.53,"",0,0.0,21,43.8,5814722,45.1,140758,31.6,5345,25.5,46,0.9,2378,0.9
"06077","5","221115","78","0","2015","A","N","San Joaquin County, California","Private","Wind electric power generation","County, NAICS 6-digit -- by ownership sector","All establishment sizes",2,0,0,0,0,0,0,"N",4.45,0,0,0,0,0,0,"N",0,0.0,0,0,0,0,0,0,0,0,0,0,0,0
"06095","5","221115","78","0","2015","A","N","Solano County, California","Private","Wind electric power generation","County, NAICS 6-digit -- by ownership sector","All establishment sizes",2,0,0,0,0,0,0,"N",7.19,0,0,0,0,0,0,"N",0,0.0,0,0,0,0,0,0,0,0,0,0,0,0
"06999","5","221115","78","0","2015","A","N","Unknown Or Undefined, California","Private","Wind electric power generation","County, NAICS 6-digit -- by ownership sector","All establishment sizes",1,0,0,0,0,0,0,"N",0.87,0,0,0,0,0,0,"N",-1,-50.0,0,0,0,0,0,0,0,0,0,0,0,0
"08000","5","221115","58","0","2015","A","","Colorado -- Statewide","Private","Wind electric power generation","State, NAICS 6-digit -- by ownership sector","All establishment sizes",13,188,16861714,2720644,51356,1724,89650,"",2.63,2.48,2.25,1.93,1.53,0.91,0.91,"",2,18.2,33,21.3,3346021,24.8,423439,18.4,6153,13.6,47,2.8,2452,2.8
"08005","5","221115","78","0","2015","A","N","Arapahoe County, Colorado","Private","Wind electric power generation","County, NAICS 6-digit -- by ownership sector","All establishment sizes",1,0,0,0,0,0,0,"N",1.82,0,0,0,0,0,0,"N",0,0.0,0,0,0,0,0,0,0,0,0,0,0,0
"08031","5","221115","78","0","2015","A","N","Denver County, Colorado","Private","Wind electric power generation","County, NAICS 6-digit -- by ownership sector","All establishment sizes",2,0,0,0,0,0,0,"N",2.55,0,0,0,0,0,0,"N",0,0.0,0,0,0,0,0,0,0,0,0,0,0,0
"08073","5","221115","78","0","2015","A","N","Lincoln County, Colorado","Private","Wind electric power generation","County, NAICS 6-digit -- by ownership sector","All establishment sizes",1,0,0,0,0,0,0,"N",235.25,0,0,0,0,0,0,"N",0,0.0,0,0,0,0,0,0,0,0,0,0,0,0
"08075","5","221115","78","0","2015","A","","Logan County, Colorado","Private","Wind electric power generation","County, NAICS 6-digit -- by ownership sector","All establishment sizes",3,128,10299685,1838077,29886,1548,80519,"",171.09,503.24,616.37,472.82,474.49,1.22,1.23,"",0,0.0,28,28.0,2307018,28.9,407724,28.5,6468,27.6,17,1.1,924,1.2
"08085","5","221115","78","0","2015","A","N","Montrose County, Colorado","Private","Wind electric power generation","County, NAICS 6-digit -- by ownership sector","All establishment sizes",1,0,0,0,0,0,0,"N",28.58,0,0,0,0,0,0,"N",1,100.0,0,0,0,0,0,0,0,0,0,0,0,0
"08099","5","221115","78","0","2015","A","N","Prowers County, Colorado","Private","Wind electric power generation","County, NAICS 6-digit -- by ownership sector","All establishment sizes",2,0,0,0,0,0,0,"N",190.58,0,0,0,0,0,0,"N",0,0.0,0,0,0,0,0,0,0,0,0,0,0,0
"08123","5","221115","78","0","2015","A","N","Weld County, Colorado","Private","Wind electric power generation","County, NAICS 6-digit -- by ownership sector","All establishment sizes",3,0,0,0,0,0,0,"N",16.94,0,0,0,0,0,0,"N",0,0.0,0,0,0,0,0,0,0,0,0,0,0,0
"09000","5","221115","58","0","2015","A","N","Connecticut -- Statewide","Private","Wind electric power generation","State, NAICS 6-digit -- by ownership sector","All establishment sizes",1,0,0,0,0,0,0,"N",0.33,0,0,0,0,0,0,"N",0,0.0,0,0,0,0,0,0,0,0,0,0,0,0
"09999","5","221115","78","0","2015","A","N","Unknown Or Undefined, Connecticut","Private","Wind electric power generation","County, NAICS 6-digit -- by ownership sector","All establishment sizes",1,0,0,0,0,0,0,"N",5.58,0,0,0,0,0,0,"N",0,0.0,0,0,0,0,0,0,0,0,0,0,0,0
"12000","5","221115","58","0","2015","A","","Florida -- Statewide","Private","Wind electric power generation","State, NAICS 6-digit -- by ownership sector","All establishment sizes",3,11,1624164,106460,1154,2776,144370,"",0.18,0.04,0.08,0.04,0.02,1.71,1.71,"N",0,0.0,0,0,0,0,0,0,0,0,0,0,0,0
"12021","5","221115","78","0","2015","A","N","Collier County, Florida","Private","Wind electric power generation","County, NAICS 6-digit -- by ownership sector","All establishment sizes",1,0,0,0,0,0,0,"N",2.92,0,0,0,0,0,0,"N",1,100.0,0,0,0,0,0,0,0,0,0,0,0,0
"12086","5","221115","78","0","2015","A","N","Miami-Dade County, Florida","Private","Wind electric power generation","County, NAICS 6-digit -- by ownership sector","All establishment sizes",1,0,0,0,0,0,0,"N",0.40,0,0,0,0,0,0,"N",0,0.0,0,0,0,0,0,0,0,0,0,0,0,0
"12099","5","221115","78","0","2015","A","N","Palm Beach County, Florida","Private","Wind electric power generation","County, NAICS 6-digit -- by ownership sector","All establishment sizes",1,0,0,0,0,0,0,"N",0.71,0,0,0,0,0,0,"N",0,0.0,0,0,0,0,0,0,0,0,0,0,0,0
"15000","5","221115","58","0","2015","A","","Hawaii -- Statewide","Private","Wind electric power generation","State, NAICS 6-digit -- by ownership sector","All establishment sizes",4,43,4315260,1971818,38940,1922,99967,"",3.85,2.22,2.60,2.96,3.91,1.17,1.17,"",0,0.0,-1,-2.3,708613,19.6,3503,0.2,-11258,-22.4,331,20.8,17214,20.8
"15001","5","221115","78","0","2015","A","N","Hawaii County, Hawaii","Private","Wind electric power generation","County, NAICS 6-digit -- by ownership sector","All establishment sizes",1,0,0,0,0,0,0,"N",7.35,0,0,0,0,0,0,"N",0,0.0,0,0,0,0,0,0,0,0,0,0,0,0
"15003","5","221115","78","0","2015","A","N","Honolulu County, Hawaii","Private","Wind electric power generation","County, NAICS 6-digit -- by ownership sector","All establishment sizes",1,0,0,0,0,0,0,"N",1.51,0,0,0,0,0,0,"N",0,0.0,0,0,0,0,0,0,0,0,0,0,0,0
"15009","5","221115","78","0","2015","A","N","Maui + Kalawao County, Hawaii","Private","Wind electric power generation","County, NAICS 6-digit -- by ownership sector","All establishment sizes",2,0,0,0,0,0,0,"N",12.76,0,0,0,0,0,0,"N",0,0.0,0,0,0,0,0,0,0,0,0,0,0,0
"16000","5","221115","58","0","2015","A","","Idaho -- Statewide","Private","Wind electric power generation","State, NAICS 6-digit -- by ownership sector","All establishment sizes",8,32,2518402,1333891,20144,1494,77688,"",5.37,1.58,1.75,2.07,2.25,1.10,1.10,"",0,0.0,-1,-3.0,27750,1.1,40001,3.1,-1511,-7.0,50,3.5,2593,3.5
"16019","5","221115","78","0","2015","A","N","Bonneville County, Idaho","Private","Wind electric power generation","County, NAICS 6-digit -- by ownership sector","All establishment sizes",3,0,0,0,0,0,0,"N",31.13,0,0,0,0,0,0,"N",0,0.0,0,0,0,0,0,0,0,0,0,0,0,0
"16039","5","221115","78","0","2015","A","N","Elmore County, Idaho","Private","Wind electric power generation","County, NAICS 6-digit -- by ownership sector","All establishment sizes",2,0,0,0,0,0,0,"N",126.73,0,0,0,0,0,0,"N",0,0.0,0,0,0,0,0,0,0,0,0,0,0,0
"16053","5","221115","78","0","2015","A","N","Jerome County, Idaho","Private","Wind electric power generation","County, NAICS 6-digit -- by ownership sector","All establishment sizes",1,0,0,0,0,0,0,"N",55.19,0,0,0,0,0,0,"N",0,0.0,0,0,0,0,0,0,0,0,0,0,0,0
"16077","5","221115","78","0","2015","A","N","Power County, Idaho","Private","Wind electric power generation","County, NAICS 6-digit -- by ownership sector","All establishment sizes",1,0,0,0,0,0,0,"N",160.85,0,0,0,0,0,0,"N",0,0.0,0,0,0,0,0,0,0,0,0,0,0,0
"16999","5","221115","78","0","2015","A","N","Unknown Or Undefined, Idaho","Private","Wind electric power generation","County, NAICS 6-digit -- by ownership sector","All establishment sizes",1,0,0,0,0,0,0,"N",7.63,0,0,0,0,0,0,"N",0,0.0,0,0,0,0,0,0,0,0,0,0,0,0
"17000","5","221115","58","0","2015","A","","Illinois -- Statewide","Private","Wind electric power generation","State, NAICS 6-digit -- by ownership sector","All establishment sizes",12,365,48896307,5666285,257543,2574,133840,"",1.12,2.05,2.69,1.80,2.24,1.31,1.31,"",-2,-14.3,15,4.3,2664898,5.8,48932,0.9,-32030,-11.1,36,1.4,1845,1.4
"17031","5","221115","78","0","2015","A","","Cook County, Illinois","Private","Wind electric power generation","County, NAICS 6-digit -- by ownership sector","All establishment sizes",4,334,46472410,5213453,244543,2677,139208,"",0.99,4.34,5.34,3.75,4.88,1.23,1.23,"",-2,-33.3,12,3.7,2380378,5.4,-1723,0.0,-33882,-12.2,46,1.7,2382,1.7
"17037","5","221115","78","0","2015","A","N","DeKalb County, Illinois","Private","Wind electric power generation","County, NAICS 6-digit -- by ownership sector","All establishment sizes",1,0,0,0,0,0,0,"N",17.03,0,0,0,0,0,0,"N",0,0.0,0,0,0,0,0,0,0,0,0,0,0,0
"17053","5","221115","78","0","2015","A","N","Ford County, Illinois","Private","Wind electric power generation","County, NAICS 6-digit -- by ownership sector","All establishment sizes",1,0,0,0,0,0,0,"N",94.81,0,0,0,0,0,0,"N",0,0.0,0,0,0,0,0,0,0,0,0,0,0,0
"17073","5","221115","78","0","2015","A","N","Henry County, Illinois","Private","Wind electric power generation","County, NAICS 6-digit -- by ownership sector","All establishment sizes",1,0,0,0,0,0,0,"N",33.05,0,0,0,0,0,0,"N",0,0.0,0,0,0,0,0,0,0,0,0,0,0,0
"17075","5","221115","78","0","2015","A","N","Iroquois County, Illinois","Private","Wind electric power generation","County, NAICS 6-digit -- by ownership sector","All establishment sizes",1,0,0,0,0,0,0,"N",43.77,0,0,0,0,0,0,"N",0,0.0,0,0,0,0,0,0,0,0,0,0,0,0
"17161","5","221115","78","0","2015","A","N","Rock Island County, Illinois","Private","Wind electric power generation","County, NAICS 6-digit -- by ownership sector","All establishment sizes",1,0,0,0,0,0,0,"N",11.48,0,0,0,0,0,0,"N",0,0.0,0,0,0,0,0,0,0,0,0,0,0,0
"17999","5","221115","78","0","2015","A","","Unknown Or Undefined, Illinois","Private","Wind electric power generation","County, NAICS 6-digit -- by ownership sector","All establishment sizes",3,8,686680,106002,3973,1722,89567,"",2.33,1.99,1.14,0.97,0.85,0.60,0.60,"",0,0.0,2,33.3,95493,16.2,2322,2.2,-123,-3.0,-173,-9.1,-8964,-9.1
"18000","5","221115","58","0","2015","A","","Indiana -- Statewide","Private","Wind electric power generation","State, NAICS 6-digit -- by ownership sector","All establishment sizes",4,59,4509360,717514,26516,1462,76000,"",0.95,0.66,0.63,0.57,0.79,0.95,0.95,"",0,0.0,3,5.4,-54668,-1.2,138183,23.9,9351,54.5,-103,-6.6,-5379,-6.6
"18003","5","221115","78","0","2015","A","N","Allen County, Indiana","Private","Wind electric power generation","County, NAICS 6-digit -- by ownership sector","All establishment sizes",1,0,0,0,0,0,0,"N",4.35,0,0,0,0,0,0,"N",0,0.0,0,0,0,0,0,0,0,0,0,0,0,0
"18007","5","221115","78","0","2015","A","N","Benton County, Indiana","Private","Wind electric power generation","County, NAICS 6-digit -- by ownership sector","All establishment sizes",2,0,0,0,0,0,0,"N",330.17,0,0,0,0,0,0,"N",0,0.0,0,0,0,0,0,0,0,0,0,0,0,0
"18181","5","221115","78","0","2015","A","N","White County, Indiana","Private","Wind electric power generation","County, NAICS 6-digit -- by ownership sector","All establishment sizes",1,0,0,0,0,0,0,"N",56.60,0,0,0,0,0,0,"N",0,0.0,0,0,0,0,0,0,0,0,0,0,0,0
"18999","5","221115","78","0","2015","A","N","Unknown Or Undefined, Indiana","Private","Wind electric power generation","County, NAICS 6-digit -- by ownership sector","All establishment sizes",0,0,0,0,0,0,0,"N",0.00,0,0,0,0,0,0,"N",0,0,0,0,0,0,0,0,0,0,0,0,0,0
"19000","5","221115","58","0","2015","A","","Iowa -- Statewide","Private","Wind electric power generation","State, NAICS 6-digit -- by ownership sector","All establishment sizes",10,162,12466136,4753872,25383,1484,77150,"",3.75,3.48,3.33,3.55,1.37,0.96,0.96,"",0,0.0,13,8.7,1031463,9.0,380497,8.7,-3131,-11.0,7,0.5,321,0.4
"19021","5","221115","78","0","2015","A","N","Buena Vista County, Iowa","Private","Wind electric power generation","County, NAICS 6-digit -- by ownership sector","All establishment sizes",1,0,0,0,0,0,0,"N",57.46,0,0,0,0,0,0,"N",-1,-50.0,0,0,0,0,0,0,0,0,0,0,0,0
"19031","5","221115","78","0","2015","A","N","Cedar County, Iowa","Private","Wind electric power generation","County, NAICS 6-digit -- by ownership sector","All establishment sizes",1,0,0,0,0,0,0,"N",66.38,0,0,0,0,0,0,"N",1,100.0,0,0,0,0,0,0,0,0,0,0,0,0
"19033","5","221115","78","0","2015","A","N","Cerro Gordo County, Iowa","Private","Wind electric power generation","County, NAICS 6-digit -- by ownership sector","All establishment sizes",0,0,0,0,0,0,0,"N",0.00,0,0,0,0,0,0,"N",-1,-100.0,0,0,0,0,0,0,0,0,0,0,0,0
"19081","5","221115","78","0","2015","A","N","Hancock County, Iowa","Private","Wind electric power generation","County, NAICS 6-digit -- by ownership sector","All establishment sizes",2,0,0,0,0,0,0,"N",197.07,0,0,0,0,0,0,"N",0,0.0,0,0,0,0,0,0,0,0,0,0,0,0
"19143","5","221115","78","0","2015","A","N","Osceola County, Iowa","Private","Wind electric power generation","County, NAICS 6-digit -- by ownership sector","All establishment sizes",1,0,0,0,0,0,0,"N",150.56,0,0,0,0,0,0,"N",0,0.0,0,0,0,0,0,0,0,0,0,0,0,0
"19165","5","221115","78","0","2015","A","N","Shelby County, Iowa","Private","Wind electric power generation","County, NAICS 6-digit -- by ownership sector","All establishment sizes",0,0,0,0,0,0,0,"N",0.00,0,0,0,0,0,0,"N",0,0,0,0,0,0,0,0,0,0,0,0,0,0
"19169","5","221115","78","0","2015","A","N","Story County, Iowa","Private","Wind electric power generation","County, NAICS 6-digit -- by ownership sector","All establishment sizes",3,0,0,0,0,0,0,"N",44.51,0,0,0,0,0,0,"N",1,50.0,0,0,0,0,0,0,0,0,0,0,0,0
"19195","5","221115","78","0","2015","A","N","Worth County, Iowa","Private","Wind electric power generation","County, NAICS 6-digit -- by ownership sector","All establishment sizes",2,0,0,0,0,0,0,"N",318.98,0,0,0,0,0,0,"N",0,0.0,0,0,0,0,0,0,0,0,0,0,0,0
"20000","5","221115","58","0","2015","A","","Kansas -- Statewide","Private","Wind electric power generation","State, NAICS 6-digit -- by ownership sector","All establishment sizes",8,67,6148832,1158333,35278,1754,91206,"",3.47,1.61,1.84,1.20,1.45,1.14,1.14,"",3,60.0,24,55.8,2625626,74.5,675245,139.8,18651,112.2,160,10.0,8307,10.0
"20015","5","221115","78","0","2015","A","N","Butler County, Kansas","Private","Wind electric power generation","County, NAICS 6-digit -- by ownership sector","All establishment sizes",1,0,0,0,0,0,0,"N",26.71,0,0,0,0,0,0,"N",0,0.0,0,0,0,0,0,0,0,0,0,0,0,0
"20031","5","221115","78","0","2015","A","N","Coffey County, Kansas","Private","Wind electric power generation","County, NAICS 6-digit -- by ownership sector","All establishment sizes",1,0,0,0,0,0,0,"N",128.03,0,0,0,0,0,0,"N",1,100.0,0,0,0,0,0,0,0,0,0,0,0,0
"20053","5","221115","78","0","2015","A","N","Ellsworth County, Kansas","Private","Wind electric power generation","County, NAICS 6-digit -- by ownership sector","All establishment sizes",1,0,0,0,0,0,0,"N",190.10,0,0,0,0,0,0,"N",1,100.0,0,0,0,0,0,0,0,0,0,0,0,0
"20057","5","221115","78","0","2015","A","N","Ford County, Kansas","Private","Wind electric power generation","County, NAICS 6-digit -- by ownership sector","All establishment sizes",1,0,0,0,0,0,0,"N",45.46,0,0,0,0,0,0,"N",0,0.0,0,0,0,0,0,0,0,0,0,0,0,0
"20069","5","221115","78","0","2015","A","N","Gray County, Kansas","Private","Wind electric power generation","County, NAICS 6-digit -- by ownership sector","All establishment sizes",1,0,0,0,0,0,0,"N",132.07,0,0,0,0,0,0,"N",0,0.0,0,0,0,0,0,0,0,0,0,0,0,0
"20091","5","221115","78","0","2015","A","N","Johnson County, Kansas","Private","Wind electric power generation","County, NAICS 6-digit -- by ownership sector","All establishment sizes",1,0,0,0,0,0,0,"N",1.71,0,0,0,0,0,0,"N",0,0.0,0,0,0,0,0,0,0,0,0,0,0,0
"20095","5","221115","78","0","2015","A","N","Kingman County, Kansas","Private","Wind electric power generation","County, NAICS 6-digit -- by ownership sector","All establishment sizes",1,0,0,0,0,0,0,"N",147.61,0,0,0,0,0,0,"N",1,100.0,0,0,0,0,0,0,0,0,0,0,0,0
"20105","5","221115","78","0","2015","A","N","Lincoln County, Kansas","Private","Wind electric power generation","County, NAICS 6-digit -- by ownership sector","All establishment sizes",1,0,0,0,0,0,0,"N",306.01,0,0,0,0,0,0,"N",0,0.0,0,0,0,0,0,0,0,0,0,0,0,0
"20203","5","221115","78","0","2015","A","N","Wichita County, Kansas","Private","Wind electric power generation","County, NAICS 6-digit -- by ownership sector","All establishment sizes",1,0,0,0,0,0,0,"N",330.17,0,0,0,0,0,0,"N",1,100.0,0,0,0,0,0,0,0,0,0,0,0,0
"23000","5","221115","58","0","2015","A","","Maine -- Statewide","Private","Wind electric power generation","State, NAICS 6-digit -- by ownership sector","All establishment sizes",3,59,9202370,869305,30760,2978,154879,"",2.22,3.25,6.65,3.16,4.03,2.03,2.03,"N",1,50.0,0,0,0,0,0,0,0,0,0,0,0,0
"23005","5","221115","78","0","2015","A","N","Cumberland County, Maine","Private","Wind electric power generation","County, NAICS 6-digit -- by ownership sector","All establishment sizes",1,0,0,0,0,0,0,"N",2.85,0,0,0,0,0,0,"N",0,0.0,0,0,0,0,0,0,0,0,0,0,0,0
"23007","5","221115","78","0","2015","A","N","Franklin County, Maine","Private","Wind electric power generation","County, NAICS 6-digit -- by ownership sector","All establishment sizes",1,0,0,0,0,0,0,"N",40.87,0,0,0,0,0,0,"N",1,100.0,0,0,0,0,0,0,0,0,0,0,0,0
"23999","5","221115","78","0","2015","A","N","Unknown Or Undefined, Maine","Private","Wind electric power generation","County, NAICS 6-digit -- by ownership sector","All establishment sizes",1,0,0,0,0,0,0,"N",11.45,0,0,0,0,0,0,"N",0,0.0,0,0,0,0,0,0,0,0,0,0,0,0
"24000","5","221115","58","0","2015","A","N","Maryland -- Statewide","Private","Wind electric power generation","State, NAICS 6-digit -- by ownership sector","All establishment sizes",1,0,0,0,0,0,0,"N",0.22,0,0,0,0,0,0,"N",1,100.0,0,0,0,0,0,0,0,0,0,0,0,0
"24999","5","221115","78","0","2015","A","N","Unknown Or Undefined, Maryland","Private","Wind electric power generation","County, NAICS 6-digit -- by ownership sector","All establishment sizes",1,0,0,0,0,0,0,"N",2.05,0,0,0,0,0,0,"N",1,100.0,0,0,0,0,0,0,0,0,0,0,0,0
"25000","5","221115","58","0","2015","A","","Massachusetts -- Statewide","Private","Wind electric power generation","State, NAICS 6-digit -- by ownership sector","All establishment sizes",4,9,620361,139112,3573,1313,68297,"",0.63,0.09,0.05,0.06,0.05,0.56,0.56,"",1,33.3,1,12.5,54732,9.7,-8846,-6.0,-4820,-57.4,-137,-9.4,-7120,-9.4
"25007","5","221115","78","0","2015","A","N","Dukes County, Massachusetts","Private","Wind electric power generation","County, NAICS 6-digit -- by ownership sector","All establishment sizes",1,0,0,0,0,0,0,"N",30.85,0,0,0,0,0,0,"N",0,0.0,0,0,0,0,0,0,0,0,0,0,0,0
"25017","5","221115","78","0","2015","A","N","Middlesex County, Massachusetts","Private","Wind electric power generation","County, NAICS 6-digit -- by ownership sector","All establishment sizes",1,0,0,0,0,0,0,"N",0.72,0,0,0,0,0,0,"N",1,100.0,0,0,0,0,0,0,0,0,0,0,0,0
"25023","5","221115","78","0","2015","A","N","Plymouth County, Massachusetts","Private","Wind electric power generation","County, NAICS 6-digit -- by ownership sector","All establishment sizes",1,0,0,0,0,0,0,"N",2.52,0,0,0,0,0,0,"N",0,0.0,0,0,0,0,0,0,0,0,0,0,0,0
"25025","5","221115","78","0","2015","A","N","Suffolk County, Massachusetts","Private","Wind electric power generation","County, NAICS 6-digit -- by ownership sector","All establishment sizes",1,0,0,0,0,0,0,"N",1.40,0,0,0,0,0,0,"N",1,100.0,0,0,0,0,0,0,0,0,0,0,0,0
"25999","5","221115","78","0","2015","A","N","Unknown Or Undefined, Massachusetts","Private","Wind electric power generation","County, NAICS 6-digit -- by ownership sector","All establishment sizes",1,0,0,0,0,0,0,"N",2.50,0,0,0,0,0,0,"N",0,0.0,0,0,0,0,0,0,0,0,0,0,0,0
"26000","5","221115","58","0","2015","A","N","Michigan -- Statewide","Private","Wind electric power generation","State, NAICS 6-digit -- by ownership sector","All establishment sizes",4,0,0,0,0,0,0,"N",0.63,0,0,0,0,0,0,"N",0,0.0,0,0,0,0,0,0,0,0,0,0,0,0
"26055","5","221115","78","0","2015","A","N","Grand Traverse County, Michigan","Private","Wind electric power generation","County, NAICS 6-digit -- by ownership sector","All establishment sizes",1,0,0,0,0,0,0,"N",11.70,0,0,0,0,0,0,"N",0,0.0,0,0,0,0,0,0,0,0,0,0,0,0
"26057","5","221115","78","0","2015","A","N","Gratiot County, Michigan","Private","Wind electric power generation","County, NAICS 6-digit -- by ownership sector","All establishment sizes",1,0,0,0,0,0,0,"N",51.49,0,0,0,0,0,0,"N",0,0.0,0,0,0,0,0,0,0,0,0,0,0,0
"26125","5","221115","78","0","2015","A","N","Oakland County, Michigan","Private","Wind electric power generation","County, NAICS 6-digit -- by ownership sector","All establishment sizes",1,0,0,0,0,0,0,"N",0.98,0,0,0,0,0,0,"N",1,100.0,0,0,0,0,0,0,0,0,0,0,0,0
"26999","5","221115","78","0","2015","A","N","Unknown Or Undefined, Michigan","Private","Wind electric power generation","County, NAICS 6-digit -- by ownership sector","All establishment sizes",1,0,0,0,0,0,0,"N",1.37,0,0,0,0,0,0,"N",-1,-50.0,0,0,0,0,0,0,0,0,0,0,0,0
"27000","5","221115","58","0","2015","A","","Minnesota -- Statewide","Private","Wind electric power generation","State, NAICS 6-digit -- by ownership sector","All establishment sizes",11,165,13917311,5427758,78360,1624,84433,"",2.58,1.95,1.69,2.08,1.84,0.86,0.86,"",1,10.0,1,0.6,-664783,-4.6,-1559599,-22.3,-158645,-66.9,-84,-4.9,-4392,-4.9
"27049","5","221115","78","0","2015","A","N","Goodhue County, Minnesota","Private","Wind electric power generation","County, NAICS 6-digit -- by ownership sector","All establishment sizes",1,0,0,0,0,0,0,"N",29.25,0,0,0,0,0,0,"N",1,100.0,0,0,0,0,0,0,0,0,0,0,0,0
"27053","5","221115","78","0","2015","A","N","Hennepin County, Minnesota","Private","Wind electric power generation","County, NAICS 6-digit -- by ownership sector","All establishment sizes",1,0,0,0,0,0,0,"N",1.01,0,0,0,0,0,0,"N",1,100.0,0,0,0,0,0,0,0,0,0,0,0,0
"27081","5","221115","78","0","2015","A","N","Lincoln County, Minnesota","Private","Wind electric power generation","County, NAICS 6-digit -- by ownership sector","All establishment sizes",2,0,0,0,0,0,0,"N",337.57,0,0,0,0,0,0,"N",0,0.0,0,0,0,0,0,0,0,0,0,0,0,0
"27101","5","221115","78","0","2015","A","N","Murray County, Minnesota","Private","Wind electric power generation","County, NAICS 6-digit -- by ownership sector","All establishment sizes",1,0,0,0,0,0,0,"N",114.75,0,0,0,0,0,0,"N",0,0.0,0,0,0,0,0,0,0,0,0,0,0,0
"27117","5","221115","78","0","2015","A","N","Pipestone County, Minnesota","Private","Wind electric power generation","County, NAICS 6-digit -- by ownership sector","All establishment sizes",1,0,0,0,0,0,0,"N",111.36,0,0,0,0,0,0,"N",0,0.0,0,0,0,0,0,0,0,0,0,0,0,0
"27173","5","221115","78","0","2015","A","N","Yellow Medicine County, Minnesota","Private","Wind electric power generation","County, NAICS 6-digit -- by ownership sector","All establishment sizes",2,0,0,0,0,0,0,"N",223.38,0,0,0,0,0,0,"N",0,0.0,0,0,0,0,0,0,0,0,0,0,0,0
"27999","5","221115","78","0","2015","A","","Unknown Or Undefined, Minnesota","Private","Wind electric power generation","County, NAICS 6-digit -- by ownership sector","All establishment sizes",3,3,379436,218581,12659,2136,111054,"",5.84,1.64,1.31,2.31,6.49,0.70,0.70,"",-1,-25.0,-16,-84.2,-2383378,-86.3,-1862917,-89.5,-164643,-92.9,-736,-25.6,-38287,-25.6
"29000","5","221115","58","0","2015","A","N","Missouri -- Statewide","Private","Wind electric power generation","State, NAICS 6-digit -- by ownership sector","All establishment sizes",2,0,0,0,0,0,0,"N",0.39,0,0,0,0,0,0,"N",-1,-33.3,0,0,0,0,0,0,0,0,0,0,0,0
"29005","5","221115","78","0","2015","A","N","Atchison County, Missouri","Private","Wind electric power generation","County, NAICS 6-digit -- by ownership sector","All establishment sizes",2,0,0,0,0,0,0,"N",325.88,0,0,0,0,0,0,"N",-1,-33.3,0,0,0,0,0,0,0,0,0,0,0,0
"30000","5","221115","58","0","2015","A","N","Montana -- Statewide","Private","Wind electric power generation","State, NAICS 6-digit -- by ownership sector","All establishment sizes",3,0,0,0,0,0,0,"N",2.51,0,0,0,0,0,0,"N",0,0.0,0,0,0,0,0,0,0,0,0,0,0,0
"30025","5","221115","78","0","2015","A","N","Fallon County, Montana","Private","Wind electric power generation","County, NAICS 6-digit -- by ownership sector","All establishment sizes",1,0,0,0,0,0,0,"N",199.15,0,0,0,0,0,0,"N",0,0.0,0,0,0,0,0,0,0,0,0,0,0,0
"30107","5","221115","78","0","2015","A","N","Wheatland County, Montana","Private","Wind electric power generation","County, NAICS 6-digit -- by ownership sector","All establishment sizes",2,0,0,0,0,0,0,"N",896.18,0,0,0,0,0,0,"N",0,0.0,0,0,0,0,0,0,0,0,0,0,0,0
"31000","5","221115","58","0","2015","A","N","Nebraska -- Statewide","Private","Wind electric power generation","State, NAICS 6-digit -- by ownership sector","All establishment sizes",1,0,0,0,0,0,0,"N",0.53,0,0,0,0,0,0,"N",-1,-50.0,0,0,0,0,0,0,0,0,0,0,0,0
"31003","5","221115","78","0","2015","A","N","Antelope County, Nebraska","Private","Wind electric power generation","County, NAICS 6-digit -- by ownership sector","All establishment sizes",1,0,0,0,0,0,0,"N",123.81,0,0,0,0,0,0,"N",0,0.0,0,0,0,0,0,0,0,0,0,0,0,0
"32000","5","221115","58","0","2015","A","N","Nevada -- Statewide","Private","Wind electric power generation","State, NAICS 6-digit -- by ownership sector","All establishment sizes",1,0,0,0,0,0,0,"N",0.48,0,0,0,0,0,0,"N",0,0.0,0,0,0,0,0,0,0,0,0,0,0,0
"32033","5","221115","78","0","2015","A","N","White Pine County, Nevada","Private","Wind electric power generation","County, NAICS 6-digit -- by ownership sector","All establishment sizes",1,0,0,0,0,0,0,"N",125.05,0,0,0,0,0,0,"N",0,0.0,0,0,0,0,0,0,0,0,0,0,0,0
"33000","5","221115","58","0","2015","A","N","New Hampshire -- Statewide","Private","Wind electric power generation","State, NAICS 6-digit -- by ownership sector","All establishment sizes",2,0,0,0,0,0,0,"N",1.49,0,0,0,0,0,0,"N",0,0.0,0,0,0,0,0,0,0,0,0,0,0,0
"33019","5","221115","78","0","2015","A","N","Sullivan County, New Hampshire","Private","Wind electric power generation","County, NAICS 6-digit -- by ownership sector","All establishment sizes",1,0,0,0,0,0,0,"N",34.41,0,0,0,0,0,0,"N",0,0.0,0,0,0,0,0,0,0,0,0,0,0,0
"33999","5","221115","78","0","2015","A","N","Unknown Or Undefined, New Hampshire","Private","Wind electric power generation","County, NAICS 6-digit -- by ownership sector","All establishment sizes",1,0,0,0,0,0,0,"N",4.52,0,0,0,0,0,0,"N",0,0.0,0,0,0,0,0,0,0,0,0,0,0,0
"35000","5","221115","58","0","2015","A","","New Mexico -- Statewide","Private","Wind electric power generation","State, NAICS 6-digit -- by ownership sector","All establishment sizes",5,17,1349067,562985,27651,1549,80541,"",3.31,0.69,0.71,0.91,1.56,1.04,1.04,"",1,25.0,5,41.7,618473,84.7,290397,106.5,20767,301.7,394,34.1,20492,34.1
"35029","5","221115","78","0","2015","A","N","Luna County, New Mexico","Private","Wind electric power generation","County, NAICS 6-digit -- by ownership sector","All establishment sizes",1,0,0,0,0,0,0,"N",71.69,0,0,0,0,0,0,"N",0,0.0,0,0,0,0,0,0,0,0,0,0,0,0
"35049","5","221115","78","0","2015","A","N","Santa Fe County, New Mexico","Private","Wind electric power generation","County, NAICS 6-digit -- by ownership sector","All establishment sizes",2,0,0,0,0,0,0,"N",13.72,0,0,0,0,0,0,"N",1,100.0,0,0,0,0,0,0,0,0,0,0,0,0
"35999","5","221115","78","0","2015","A","N","Unknown Or Undefined, New Mexico","Private","Wind electric power generation","County, NAICS 6-digit -- by ownership sector","All establishment sizes",2,0,0,0,0,0,0,"N",15.03,0,0,0,0,0,0,"N",0,0.0,0,0,0,0,0,0,0,0,0,0,0,0
"36000","5","221115","58","0","2015","A","","New York -- Statewide","Private","Wind electric power generation","State, NAICS 6-digit -- by ownership sector","All establishment sizes",4,30,2362443,364221,15151,1536,79857,"",0.24,0.11,0.07,0.09,0.09,0.65,0.65,"",-1,-20.0,-6,-16.7,-562791,-19.2,-94389,-20.6,-5691,-27.3,-41,-2.6,-2159,-2.6
"36001","5","221115","78","0","2015","A","N","Albany County, New York","Private","Wind electric power generation","County, NAICS 6-digit -- by ownership sector","All establishment sizes",1,0,0,0,0,0,0,"N",3.66,0,0,0,0,0,0,"N",0,0.0,0,0,0,0,0,0,0,0,0,0,0,0
"36049","5","221115","78","0","2015","A","N","Lewis County, New York","Private","Wind electric power generation","County, NAICS 6-digit -- by ownership sector","All establishment sizes",1,0,0,0,0,0,0,"N",63.37,0,0,0,0,0,0,"N",0,0.0,0,0,0,0,0,0,0,0,0,0,0,0
"36093","5","221115","78","0","2015","A","N","Schenectady County, New York","Private","Wind electric power generation","County, NAICS 6-digit -- by ownership sector","All establishment sizes",1,0,0,0,0,0,0,"N",10.89,0,0,0,0,0,0,"N",0,0.0,0,0,0,0,0,0,0,0,0,0,0,0
"36121","5","221115","78","0","2015","A","N","Wyoming County, New York","Private","Wind electric power generation","County, NAICS 6-digit -- by ownership sector","All establishment sizes",1,0,0,0,0,0,0,"N",41.36,0,0,0,0,0,0,"N",0,0.0,0,0,0,0,0,0,0,0,0,0,0,0
"38000","5","221115","58","0","2015","A","N","North Dakota -- Statewide","Private","Wind electric power generation","State, NAICS 6-digit -- by ownership sector","All establishment sizes",11,0,0,0,0,0,0,"N",12.88,0,0,0,0,0,0,"N",-1,-8.3,0,0,0,0,0,0,0,0,0,0,0,0
"38011","5","221115","78","0","2015","A","N","Bowman County, North Dakota","Private","Wind electric power generation","County, NAICS 6-digit -- by ownership sector","All establishment sizes",1,0,0,0,0,0,0,"N",184.51,0,0,0,0,0,0,"N",0,0.0,0,0,0,0,0,0,0,0,0,0,0,0
"38015","5","221115","78","0","2015","A","N","Burleigh County, North Dakota","Private","Wind electric power generation","County, NAICS 6-digit -- by ownership sector","All establishment sizes",2,0,0,0,0,0,0,"N",20.77,0,0,0,0,0,0,"N",0,0.0,0,0,0,0,0,0,0,0,0,0,0,0
"38019","5","221115","78","0","2015","A","N","Cavalier County, North Dakota","Private","Wind electric power generation","County, NAICS 6-digit -- by ownership sector","All establishment sizes",1,0,0,0,0,0,0,"N",199.15,0,0,0,0,0,0,"N",0,0.0,0,0,0,0,0,0,0,0,0,0,0,0
"38035","5","221115","78","0","2015","A","N","Grand Forks County, North Dakota","Private","Wind electric power generation","County, NAICS 6-digit -- by ownership sector","All establishment sizes",1,0,0,0,0,0,0,"N",17.21,0,0,0,0,0,0,"N",0,0.0,0,0,0,0,0,0,0,0,0,0,0,0
"38045","5","221115","78","0","2015","A","N","LaMoure County, North Dakota","Private","Wind electric power generation","County, NAICS 6-digit -- by ownership sector","All establishment sizes",1,0,0,0,0,0,0,"N",173.45,0,0,0,0,0,0,"N",0,0.0,0,0,0,0,0,0,0,0,0,0,0,0
"38051","5","221115","78","0","2015","A","N","McIntosh County, North Dakota","Private","Wind electric power generation","County, NAICS 6-digit -- by ownership sector","All establishment sizes",1,0,0,0,0,0,0,"N",254.32,0,0,0,0,0,0,"N",1,100.0,0,0,0,0,0,0,0,0,0,0,0,0
"38055","5","221115","78","0","2015","A","N","McLean County, North Dakota","Private","Wind electric power generation","County, NAICS 6-digit -- by ownership sector","All establishment sizes",1,0,0,0,0,0,0,"N",101.18,0,0,0,0,0,0,"N",0,0.0,0,0,0,0,0,0,0,0,0,0,0,0
"38059","5","221115","78","0","2015","A","N","Morton County, North Dakota","Private","Wind electric power generation","County, NAICS 6-digit -- by ownership sector","All establishment sizes",1,0,0,0,0,0,0,"N",37.30,0,0,0,0,0,0,"N",0,0.0,0,0,0,0,0,0,0,0,0,0,0,0
"38065","5","221115","78","0","2015","A","N","Oliver County, North Dakota","Private","Wind electric power generation","County, NAICS 6-digit -- by ownership sector","All establishment sizes",1,0,0,0,0,0,0,"N",607.09,0,0,0,0,0,0,"N",0,0.0,0,0,0,0,0,0,0,0,0,0,0,0
"38091","5","221115","78","0","2015","A","N","Steele County, North Dakota","Private","Wind electric power generation","County, NAICS 6-digit -- by ownership sector","All establishment sizes",1,0,0,0,0,0,0,"N",476.45,0,0,0,0,0,0,"N",0,0.0,0,0,0,0,0,0,0,0,0,0,0,0
"39000","5","221115","58","0","2015","A","","Ohio -- Statewide","Private","Wind electric power generation","State, NAICS 6-digit -- by ownership sector","All establishment sizes",5,29,2295584,336709,9126,1514,78706,"",0.65,0.18,0.17,0.16,0.16,0.91,0.91,"",0,0.0,1,3.6,200734,9.6,8643,2.6,1684,22.6,62,4.3,3216,4.3
"39063","5","221115","78","0","2015","A","N","Hancock County, Ohio","Private","Wind electric power generation","County, NAICS 6-digit -- by ownership sector","All establishment sizes",1,0,0,0,0,0,0,"N",20.81,0,0,0,0,0,0,"N",1,100.0,0,0,0,0,0,0,0,0,0,0,0,0
"39125","5","221115","78","0","2015","A","N","Paulding County, Ohio","Private","Wind electric power generation","County, NAICS 6-digit -- by ownership sector","All establishment sizes",1,0,0,0,0,0,0,"N",96.26,0,0,0,0,0,0,"N",0,0.0,0,0,0,0,0,0,0,0,0,0,0,0
"39153","5","221115","78","0","2015","A","N","Summit County, Ohio","Private","Wind electric power generation","County, NAICS 6-digit -- by ownership sector","All establishment sizes",1,0,0,0,0,0,0,"N",2.67,0,0,0,0,0,0,"N",0,0.0,0,0,0,0,0,0,0,0,0,0,0,0
"39161","5","221115","78","0","2015","A","N","Van Wert County, Ohio","Private","Wind electric power generation","County, NAICS 6-digit -- by ownership sector","All establishment sizes",1,0,0,0,0,0,0,"N",60.13,0,0,0,0,0,0,"N",0,0.0,0,0,0,0,0,0,0,0,0,0,0,0
"39999","5","221115","78","0","2015","A","N","Unknown Or Undefined, Ohio","Private","Wind electric power generation","County, NAICS 6-digit -- by ownership sector","All establishment sizes",1,0,0,0,0,0,0,"N",2.05,0,0,0,0,0,0,"N",-1,-50.0,0,0,0,0,0,0,0,0,0,0,0,0
"40000","5","221115","58","0","2015","A","","Oklahoma -- Statewide","Private","Wind electric power generation","State, NAICS 6-digit -- by ownership sector","All establishment sizes",13,154,12210647,3239440,45509,1522,79119,"",4.50,3.17,3.11,2.94,4.27,0.98,0.98,"",0,0.0,44,40.0,3543640,40.9,-73057,-2.2,-17557,-27.8,8,0.5,388,0.5
"40017","5","221115","78","0","2015","A","N","Canadian County, Oklahoma","Private","Wind electric power generation","County, NAICS 6-digit -- by ownership sector","All establishment sizes",1,0,0,0,0,0,0,"N",13.11,0,0,0,0,0,0,"N",0,0.0,0,0,0,0,0,0,0,0,0,0,0,0
"40039","5","221115","78","0","2015","A","N","Custer County, Oklahoma","Private","Wind electric power generation","County, NAICS 6-digit -- by ownership sector","All establishment sizes",1,0,0,0,0,0,0,"N",37.45,0,0,0,0,0,0,"N",0,0.0,0,0,0,0,0,0,0,0,0,0,0,0
"40047","5","221115","78","0","2015","A","N","Garfield County, Oklahoma","Private","Wind electric power generation","County, NAICS 6-digit -- by ownership sector","All establishment sizes",1,0,0,0,0,0,0,"N",21.23,0,0,0,0,0,0,"N",0,0.0,0,0,0,0,0,0,0,0,0,0,0,0
"40109","5","221115","78","0","2015","A","N","Oklahoma County, Oklahoma","Private","Wind electric power generation","County, NAICS 6-digit -- by ownership sector","All establishment sizes",2,0,0,0,0,0,0,"N",2.78,0,0,0,0,0,0,"N",0,0.0,0,0,0,0,0,0,0,0,0,0,0,0
"40129","5","221115","78","0","2015","A","","Roger Mills County, Oklahoma","Private","Wind electric power generation","County, NAICS 6-digit -- by ownership sector","All establishment sizes",5,17,1067894,401236,11537,1179,61314,"",1622.39,727.38,626.72,887.81,2589.70,0.84,0.84,"",0,0.0,1,6.2,63850,6.4,-69144,-14.7,1124,10.8,3,0.3,154,0.3
"40139","5","221115","78","0","2015","A","N","Texas County, Oklahoma","Private","Wind electric power generation","County, NAICS 6-digit -- by ownership sector","All establishment sizes",2,0,0,0,0,0,0,"N",125.26,0,0,0,0,0,0,"N",0,0.0,0,0,0,0,0,0,0,0,0,0,0,0
"40143","5","221115","78","0","2015","A","N","Tulsa County, Oklahoma","Private","Wind electric power generation","County, NAICS 6-digit -- by ownership sector","All establishment sizes",1,0,0,0,0,0,0,"N",1.72,0,0,0,0,0,0,"N",1,100.0,0,0,0,0,0,0,0,0,0,0,0,0
"41000","5","221115","58","0","2015","A","N","Oregon -- Statewide","Private","Wind electric power generation","State, NAICS 6-digit -- by ownership sector","All establishment sizes",10,0,0,0,0,0,0,"N",2.66,0,0,0,0,0,0,"N",1,11.1,0,0,0,0,0,0,0,0,0,0,0,0
"41001","5","221115","78","0","2015","A","N","Baker County, Oregon","Private","Wind electric power generation","County, NAICS 6-digit -- by ownership sector","All establishment sizes",1,0,0,0,0,0,0,"N",56.69,0,0,0,0,0,0,"N",0,0.0,0,0,0,0,0,0,0,0,0,0,0,0
"41005","5","221115","78","0","2015","A","N","Clackamas County, Oregon","Private","Wind electric power generation","County, NAICS 6-digit -- by ownership sector","All establishment sizes",2,0,0,0,0,0,0,"N",5.49,0,0,0,0,0,0,"N",1,100.0,0,0,0,0,0,0,0,0,0,0,0,0
"41021","5","221115","78","0","2015","A","N","Gilliam County, Oregon","Private","Wind electric power generation","County, NAICS 6-digit -- by ownership sector","All establishment sizes",1,0,0,0,0,0,0,"N",316.30,0,0,0,0,0,0,"N",0,0.0,0,0,0,0,0,0,0,0,0,0,0,0
"41049","5","221115","78","0","2015","A","N","Morrow County, Oregon","Private","Wind electric power generation","County, NAICS 6-digit -- by ownership sector","All establishment sizes",2,0,0,0,0,0,0,"N",228.81,0,0,0,0,0,0,"N",1,100.0,0,0,0,0,0,0,0,0,0,0,0,0
"41051","5","221115","78","0","2015","A","N","Multnomah County, Oregon","Private","Wind electric power generation","County, NAICS 6-digit -- by ownership sector","All establishment sizes",2,0,0,0,0,0,0,"N",2.36,0,0,0,0,0,0,"N",0,0.0,0,0,0,0,0,0,0,0,0,0,0,0
"41055","5","221115","78","0","2015","A","N","Sherman County, Oregon","Private","Wind electric power generation","County, NAICS 6-digit -- by ownership sector","All establishment sizes",1,0,0,0,0,0,0,"N",333.09,0,0,0,0,0,0,"N",0,0.0,0,0,0,0,0,0,0,0,0,0,0,0
"41067","5","221115","78","0","2015","A","N","Washington County, Oregon","Private","Wind electric power generation","County, NAICS 6-digit -- by ownership sector","All establishment sizes",2,0,0,0,0,0,0,"N",4.22,0,0,0,0,0,0,"N",1,100.0,0,0,0,0,0,0,0,0,0,0,0,0
"42000","5","221115","58","0","2015","A","","Pennsylvania -- Statewide","Private","Wind electric power generation","State, NAICS 6-digit -- by ownership sector","All establishment sizes",9,40,3583208,461480,24075,1716,89208,"",0.97,0.23,0.22,0.21,0.17,0.94,0.94,"",2,28.6,0,0.0,-87075,-2.4,109411,31.1,3478,16.9,-45,-2.6,-2358,-2.6
"42021","5","221115","78","0","2015","A","N","Cambria County, Pennsylvania","Private","Wind electric power generation","County, NAICS 6-digit -- by ownership sector","All establishment sizes",1,0,0,0,0,0,0,"N",10.57,0,0,0,0,0,0,"N",0,0.0,0,0,0,0,0,0,0,0,0,0,0,0
"42029","5","221115","78","0","2015","A","N","Chester County, Pennsylvania","Private","Wind electric power generation","County, NAICS 6-digit -- by ownership sector","All establishment sizes",1,0,0,0,0,0,0,"N",2.47,0,0,0,0,0,0,"N",1,100.0,0,0,0,0,0,0,0,0,0,0,0,0
"42051","5","221115","78","0","2015","A","N","Fayette County, Pennsylvania","Private","Wind electric power generation","County, NAICS 6-digit -- by ownership sector","All establishment sizes",1,0,0,0,0,0,0,"N",13.11,0,0,0,0,0,0,"N",0,0.0,0,0,0,0,0,0,0,0,0,0,0,0
"42107","5","221115","78","0","2015","A","N","Schuylkill County, Pennsylvania","Private","Wind electric power generation","County, NAICS 6-digit -- by ownership sector","All establishment sizes",2,0,0,0,0,0,0,"N",23.78,0,0,0,0,0,0,"N",0,0.0,0,0,0,0,0,0,0,0,0,0,0,0
"42111","5","221115","78","0","2015","A","N","Somerset County, Pennsylvania","Private","Wind electric power generation","County, NAICS 6-digit -- by ownership sector","All establishment sizes",1,0,0,0,0,0,0,"N",19.82,0,0,0,0,0,0,"N",0,0.0,0,0,0,0,0,0,0,0,0,0,0,0
"42117","5","221115","78","0","2015","A","N","Tioga County, Pennsylvania","Private","Wind electric power generation","County, NAICS 6-digit -- by ownership sector","All establishment sizes",2,0,0,0,0,0,0,"N",69.00,0,0,0,0,0,0,"N",1,100.0,0,0,0,0,0,0,0,0,0,0,0,0
"42131","5","221115","78","0","2015","A","N","Wyoming County, Pennsylvania","Private","Wind electric power generation","County, NAICS 6-digit -- by ownership sector","All establishment sizes",1,0,0,0,0,0,0,"N",50.39,0,0,0,0,0,0,"N",0,0.0,0,0,0,0,0,0,0,0,0,0,0,0
"42999","5","221115","78","0","2015","A","N","Unknown Or Undefined, Pennsylvania","Private","Wind electric power generation","County, NAICS 6-digit -- by ownership sector","All establishment sizes",0,0,0,0,0,0,0,"N",0.00,0,0,0,0,0,0,"N",0,0,0,0,0,0,0,0,0,0,0,0,0,0
"44000","5","221115","58","0","2015","A","N","Rhode Island -- Statewide","Private","Wind electric power generation","State, NAICS 6-digit -- by ownership sector","All establishment sizes",1,0,0,0,0,0,0,"N",1.04,0,0,0,0,0,0,"N",0,0.0,0,0,0,0,0,0,0,0,0,0,0,0
"44009","5","221115","78","0","2015","A","N","Washington County, Rhode Island","Private","Wind electric power generation","County, NAICS 6-digit -- by ownership sector","All establishment sizes",1,0,0,0,0,0,0,"N",8.76,0,0,0,0,0,0,"N",0,0.0,0,0,0,0,0,0,0,0,0,0,0,0
"46000","5","221115","58","0","2015","A","","South Dakota -- Statewide","Private","Wind electric power generation","State, NAICS 6-digit -- by ownership sector","All establishment sizes",5,61,4684379,1059701,7116,1469,76376,"",5.79,4.82,5.04,4.71,3.91,1.04,1.04,"",0,0.0,4,7.0,190856,4.2,113704,12.0,-2285,-24.3,-45,-3.0,-2343,-3.0
"46003","5","221115","78","0","2015","A","N","Aurora County, South Dakota","Private","Wind electric power generation","County, NAICS 6-digit -- by ownership sector","All establishment sizes",1,0,0,0,0,0,0,"N",351.77,0,0,0,0,0,0,"N",0,0.0,0,0,0,0,0,0,0,0,0,0,0,0
"46011","5","221115","78","0","2015","A","N","Brookings County, South Dakota","Private","Wind electric power generation","County, NAICS 6-digit -- by ownership sector","All establishment sizes",1,0,0,0,0,0,0,"N",35.48,0,0,0,0,0,0,"N",0,0.0,0,0,0,0,0,0,0,0,0,0,0,0
"46039","5","221115","78","0","2015","A","N","Deuel County, South Dakota","Private","Wind electric power generation","County, NAICS 6-digit -- by ownership sector","All establishment sizes",1,0,0,0,0,0,0,"N",210.28,0,0,0,0,0,0,"N",0,0.0,0,0,0,0,0,0,0,0,0,0,0,0
"46069","5","221115","78","0","2015","A","N","Hyde County, South Dakota","Private","Wind electric power generation","County, NAICS 6-digit -- by ownership sector","All establishment sizes",1,0,0,0,0,0,0,"N",627.32,0,0,0,0,0,0,"N",0,0.0,0,0,0,0,0,0,0,0,0,0,0,0
"46099","5","221115","78","0","2015","A","N","Minnehaha County, South Dakota","Private","Wind electric power generation","County, NAICS 6-digit -- by ownership sector","All establishment sizes",1,0,0,0,0,0,0,"N",5.44,0,0,0,0,0,0,"N",0,0.0,0,0,0,0,0,0,0,0,0,0,0,0
"48000","5","221115","58","0","2015","A","","Texas -- Statewide","Private","Wind electric power generation","State, NAICS 6-digit -- by ownership sector","All establishment sizes",34,1603,145681698,19718069,935754,1748,90895,"",2.00,4.52,4.14,3.88,7.16,0.92,0.92,"",9,36.0,608,61.1,41558484,39.9,8171103,70.8,388712,71.1,-264,-13.1,-13725,-13.1
"48023","5","221115","78","0","2015","A","N","Baylor County, Texas","Private","Wind electric power generation","County, NAICS 6-digit -- by ownership sector","All establishment sizes",1,0,0,0,0,0,0,"N",203.46,0,0,0,0,0,0,"N",0,0.0,0,0,0,0,0,0,0,0,0,0,0,0
"48029","5","221115","78","0","2015","A","N","Bexar County, Texas","Private","Wind electric power generation","County, NAICS 6-digit -- by ownership sector","All establishment sizes",2,0,0,0,0,0,0,"N",1.97,0,0,0,0,0,0,"N",2,100.0,0,0,0,0,0,0,0,0,0,0,0,0
"48039","5","221115","78","0","2015","A","N","Brazoria County, Texas","Private","Wind electric power generation","County, NAICS 6-digit -- by ownership sector","All establishment sizes",1,0,0,0,0,0,0,"N",6.99,0,0,0,0,0,0,"N",1,100.0,0,0,0,0,0,0,0,0,0,0,0,0
"48099","5","221115","78","0","2015","A","N","Coryell County, Texas","Private","Wind electric power generation","County, NAICS 6-digit -- by ownership sector","All establishment sizes",1,0,0,0,0,0,0,"N",37.53,0,0,0,0,0,0,"N",1,100.0,0,0,0,0,0,0,0,0,0,0,0,0
"48113","5","221115","78","0","2015","A","N","Dallas County, Texas","Private","Wind electric power generation","County, NAICS 6-digit -- by ownership sector","All establishment sizes",2,0,0,0,0,0,0,"N",1.03,0,0,0,0,0,0,"N",0,0.0,0,0,0,0,0,0,0,0,0,0,0,0
"48121","5","221115","78","0","2015","A","N","Denton County, Texas","Private","Wind electric power generation","County, NAICS 6-digit -- by ownership sector","All establishment sizes",1,0,0,0,0,0,0,"N",2.82,0,0,0,0,0,0,"N",0,0.0,0,0,0,0,0,0,0,0,0,0,0,0
"48199","5","221115","78","0","2015","A","N","Hardin County, Texas","Private","Wind electric power generation","County, NAICS 6-digit -- by ownership sector","All establishment sizes",1,0,0,0,0,0,0,"N",44.23,0,0,0,0,0,0,"N",0,0.0,0,0,0,0,0,0,0,0,0,0,0,0
"48201","5","221115","78","0","2015","A","","Harris County, Texas","Private","Wind electric power generation","County, NAICS 6-digit -- by ownership sector","All establishment sizes",5,521,58574259,6173822,231694,2162,112445,"",1.69,7.47,6.67,5.77,7.79,0.89,0.89,"",1,25.0,175,50.6,14230898,32.1,2418788,64.4,65155,39.1,-300,-12.2,-15561,-12.2
"48227","5","221115","78","0","2015","A","N","Howard County, Texas","Private","Wind electric power generation","County, NAICS 6-digit -- by ownership sector","All establishment sizes",2,0,0,0,0,0,0,"N",87.33,0,0,0,0,0,0,"N",0,0.0,0,0,0,0,0,0,0,0,0,0,0,0
"48237","5","221115","78","0","2015","A","N","Jack County, Texas","Private","Wind electric power generation","County, NAICS 6-digit -- by ownership sector","All establishment sizes",2,0,0,0,0,0,0,"N",289.53,0,0,0,0,0,0,"N",1,100.0,0,0,0,0,0,0,0,0,0,0,0,0
"48261","5","221115","78","0","2015","A","N","Kenedy County, Texas","Private","Wind electric power generation","County, NAICS 6-digit -- by ownership sector","All establishment sizes",3,0,0,0,0,0,0,"N",3136.62,0,0,0,0,0,0,"N",2,200.0,0,0,0,0,0,0,0,0,0,0,0,0
"48335","5","221115","78","0","2015","A","N","Mitchell County, Texas","Private","Wind electric power generation","County, NAICS 6-digit -- by ownership sector","All establishment sizes",0,0,0,0,0,0,0,"N",0.00,0,0,0,0,0,0,"N",-1,-100.0,0,0,0,0,0,0,0,0,0,0,0,0
"48341","5","221115","78","0","2015","A","N","Moore County, Texas","Private","Wind electric power generation","County, NAICS 6-digit -- by ownership sector","All establishment sizes",1,0,0,0,0,0,0,"N",69.06,0,0,0,0,0,0,"N",0,0.0,0,0,0,0,0,0,0,0,0,0,0,0
"48353","5","221115","78","0","2015","A","N","Nolan County, Texas","Private","Wind electric power generation","County, NAICS 6-digit -- by ownership sector","All establishment sizes",1,0,0,0,0,0,0,"N",91.14,0,0,0,0,0,0,"N",0,0.0,0,0,0,0,0,0,0,0,0,0,0,0
"48355","5","221115","78","0","2015","A","N","Nueces County, Texas","Private","Wind electric power generation","County, NAICS 6-digit -- by ownership sector","All establishment sizes",2,0,0,0,0,0,0,"N",9.16,0,0,0,0,0,0,"N",0,0.0,0,0,0,0,0,0,0,0,0,0,0,0
"48409","5","221115","78","0","2015","A","N","San Patricio County, Texas","Private","Wind electric power generation","County, NAICS 6-digit -- by ownership sector","All establishment sizes",1,0,0,0,0,0,0,"N",33.31,0,0,0,0,0,0,"N",0,0.0,0,0,0,0,0,0,0,0,0,0,0,0
"48411","5","221115","78","0","2015","A","N","San Saba County, Texas","Private","Wind electric power generation","County, NAICS 6-digit -- by ownership sector","All establishment sizes",1,0,0,0,0,0,0,"N",164.36,0,0,0,0,0,0,"N",1,100.0,0,0,0,0,0,0,0,0,0,0,0,0
"48415","5","221115","78","0","2015","A","N","Scurry County, Texas","Private","Wind electric power generation","County, NAICS 6-digit -- by ownership sector","All establishment sizes",1,0,0,0,0,0,0,"N",77.77,0,0,0,0,0,0,"N",1,100.0,0,0,0,0,0,0,0,0,0,0,0,0
"48439","5","221115","78","0","2015","A","N","Tarrant County, Texas","Private","Wind electric power generation","County, NAICS 6-digit -- by ownership sector","All establishment sizes",1,0,0,0,0,0,0,"N",0.92,0,0,0,0,0,0,"N",1,100.0,0,0,0,0,0,0,0,0,0,0,0,0
"48453","5","221115","78","0","2015","A","N","Travis County, Texas","Private","Wind electric power generation","County, NAICS 6-digit -- by ownership sector","All establishment sizes",3,0,0,0,0,0,0,"N",3.04,0,0,0,0,0,0,"N",0,0.0,0,0,0,0,0,0,0,0,0,0,0,0
"48999","5","221115","78","0","2015","A","N","Unknown Or Undefined, Texas","Private","Wind electric power generation","County, NAICS 6-digit -- by ownership sector","All establishment sizes",2,0,0,0,0,0,0,"N",3.01,0,0,0,0,0,0,"N",0,0.0,0,0,0,0,0,0,0,0,0,0,0,0
"49000","5","221115","58","0","2015","A","N","Utah -- Statewide","Private","Wind electric power generation","State, NAICS 6-digit -- by ownership sector","All establishment sizes",1,0,0,0,0,0,0,"N",0.40,0,0,0,0,0,0,"N",0,0.0,0,0,0,0,0,0,0,0,0,0,0,0
"49001","5","221115","78","0","2015","A","N","Beaver County, Utah","Private","Wind electric power generation","County, NAICS 6-digit -- by ownership sector","All establishment sizes",1,0,0,0,0,0,0,"N",161.54,0,0,0,0,0,0,"N",0,0.0,0,0,0,0,0,0,0,0,0,0,0,0
"50000","5","221115","58","0","2015","A","N","Vermont -- Statewide","Private","Wind electric power generation","State, NAICS 6-digit -- by ownership sector","All establishment sizes",2,0,0,0,0,0,0,"N",3.06,0,0,0,0,0,0,"N",0,0.0,0,0,0,0,0,0,0,0,0,0,0,0
"50005","5","221115","78","0","2015","A","N","Caledonia County, Vermont","Private","Wind electric power generation","County, NAICS 6-digit -- by ownership sector","All establishment sizes",1,0,0,0,0,0,0,"N",37.27,0,0,0,0,0,0,"N",0,0.0,0,0,0,0,0,0,0,0,0,0,0,0
"50007","5","221115","78","0","2015","A","N","Chittenden County, Vermont","Private","Wind electric power generation","County, NAICS 6-digit -- by ownership sector","All establishment sizes",1,0,0,0,0,0,0,"N",5.79,0,0,0,0,0,0,"N",0,0.0,0,0,0,0,0,0,0,0,0,0,0,0
"51000","5","221115","58","0","2015","A","N","Virginia -- Statewide","Private","Wind electric power generation","State, NAICS 6-digit -- by ownership sector","All establishment sizes",1,0,0,0,0,0,0,"N",0.15,0,0,0,0,0,0,"N",-2,-66.7,0,0,0,0,0,0,0,0,0,0,0,0
"51059","5","221115","78","0","2015","A","N","Fairfax County, Virginia","Private","Wind electric power generation","County, NAICS 6-digit -- by ownership sector","All establishment sizes",1,0,0,0,0,0,0,"N",1.03,0,0,0,0,0,0,"N",0,0.0,0,0,0,0,0,0,0,0,0,0,0,0
"53000","3","221115","58","0","2015","A","N","Washington -- Statewide","Local Government","Wind electric power generation","State, NAICS 6-digit -- by ownership sector","All establishment sizes",1,0,0,0,0,0,0,"N",39.81,0,0,0,0,0,0,"N",0,0.0,0,0,0,0,0,0,0,0,0,0,0,0
"53000","5","221115","58","0","2015","A","","Washington -- Statewide","Private","Wind electric power generation","State, NAICS 6-digit -- by ownership sector","All establishment sizes",5,49,4196496,2102213,26127,1661,86377,"",0.79,0.52,0.43,0.56,0.44,0.83,0.84,"",0,0.0,6,14.0,473427,12.7,189740,9.9,2193,9.2,-7,-0.4,-374,-0.4
"53005","5","221115","78","0","2015","A","N","Benton County, Washington","Private","Wind electric power generation","County, NAICS 6-digit -- by ownership sector","All establishment sizes",1,0,0,0,0,0,0,"N",6.62,0,0,0,0,0,0,"N",0,0.0,0,0,0,0,0,0,0,0,0,0,0,0
"53033","5","221115","78","0","2015","A","N","King County, Washington","Private","Wind electric power generation","County, NAICS 6-digit -- by ownership sector","All establishment sizes",1,0,0,0,0,0,0,"N",0.44,0,0,0,0,0,0,"N",0,0.0,0,0,0,0,0,0,0,0,0,0,0,0
"53037","5","221115","78","0","2015","A","N","Kittitas County, Washington","Private","Wind electric power generation","County, NAICS 6-digit -- by ownership sector","All establishment sizes",1,0,0,0,0,0,0,"N",26.34,0,0,0,0,0,0,"N",0,0.0,0,0,0,0,0,0,0,0,0,0,0,0
"53039","3","221115","78","0","2015","A","N","Klickitat County, Washington","Local Government","Wind electric power generation","County, NAICS 6-digit -- by ownership sector","All establishment sizes",1,0,0,0,0,0,0,"N",12177.46,0,0,0,0,0,0,"N",0,0.0,0,0,0,0,0,0,0,0,0,0,0,0
"53039","5","221115","78","0","2015","A","N","Klickitat County, Washington","Private","Wind electric power generation","County, NAICS 6-digit -- by ownership sector","All establishment sizes",1,0,0,0,0,0,0,"N",48.13,0,0,0,0,0,0,"N",0,0.0,0,0,0,0,0,0,0,0,0,0,0,0
"53071","5","221115","78","0","2015","A","N","Walla Walla County, Washington","Private","Wind electric power generation","County, NAICS 6-digit -- by ownership sector","All establishment sizes",1,0,0,0,0,0,0,"N",17.30,0,0,0,0,0,0,"N",0,0.0,0,0,0,0,0,0,0,0,0,0,0,0
"54000","5","221115","58","0","2015","A","N","West Virginia -- Statewide","Private","Wind electric power generation","State, NAICS 6-digit -- by ownership sector","All establishment sizes",2,0,0,0,0,0,0,"N",1.50,0,0,0,0,0,0,"N",0,0.0,0,0,0,0,0,0,0,0,0,0,0,0
"54025","5","221115","78","0","2015","A","N","Greenbrier County, West Virginia","Private","Wind electric power generation","County, NAICS 6-digit -- by ownership sector","All establishment sizes",1,0,0,0,0,0,0,"N",34.09,0,0,0,0,0,0,"N",0,0.0,0,0,0,0,0,0,0,0,0,0,0,0
"54093","5","221115","78","0","2015","A","N","Tucker County, West Virginia","Private","Wind electric power generation","County, NAICS 6-digit -- by ownership sector","All establishment sizes",1,0,0,0,0,0,0,"N",175.07,0,0,0,0,0,0,"N",0,0.0,0,0,0,0,0,0,0,0,0,0,0,0
"55000","5","221115","58","0","2015","A","N","Wisconsin -- Statewide","Private","Wind electric power generation","State, NAICS 6-digit -- by ownership sector","All establishment sizes",1,0,0,0,0,0,0,"N",0.23,0,0,0,0,0,0,"N",-1,-50.0,0,0,0,0,0,0,0,0,0,0,0,0
"55027","5","221115","78","0","2015","A","N","Dodge County, Wisconsin","Private","Wind electric power generation","County, NAICS 6-digit -- by ownership sector","All establishment sizes",1,0,0,0,0,0,0,"N",21.43,0,0,0,0,0,0,"N",0,0.0,0,0,0,0,0,0,0,0,0,0,0,0
"56000","5","221115","58","0","2015","A","N","Wyoming -- Statewide","Private","Wind electric power generation","State, NAICS 6-digit -- by ownership sector","All establishment sizes",13,0,0,0,0,0,0,"N",18.75,0,0,0,0,0,0,"N",5,62.5,0,0,0,0,0,0,0,0,0,0,0,0
"56007","5","221115","78","0","2015","A","N","Carbon County, Wyoming","Private","Wind electric power generation","County, NAICS 6-digit -- by ownership sector","All establishment sizes",3,0,0,0,0,0,0,"N",167.29,0,0,0,0,0,0,"N",0,0.0,0,0,0,0,0,0,0,0,0,0,0,0
"56009","5","221115","78","0","2015","A","N","Converse County, Wyoming","Private","Wind electric power generation","County, NAICS 6-digit -- by ownership sector","All establishment sizes",2,0,0,0,0,0,0,"N",124.22,0,0,0,0,0,0,"N",2,100.0,0,0,0,0,0,0,0,0,0,0,0,0
"56021","5","221115","78","0","2015","A","N","Laramie County, Wyoming","Private","Wind electric power generation","County, NAICS 6-digit -- by ownership sector","All establishment sizes",2,0,0,0,0,0,0,"N",20.89,0,0,0,0,0,0,"N",1,100.0,0,0,0,0,0,0,0,0,0,0,0,0
"56025","5","221115","78","0","2015","A","N","Natrona County, Wyoming","Private","Wind electric power generation","County, NAICS 6-digit -- by ownership sector","All establishment sizes",1,0,0,0,0,0,0,"N",10.73,0,0,0,0,0,0,"N",1,100.0,0,0,0,0,0,0,0,0,0,0,0,0
"56041","5","221115","78","0","2015","A","N","Uinta County, Wyoming","Private","Wind electric power generation","County, NAICS 6-digit -- by ownership sector","All establishment sizes",3,0,0,0,0,0,0,"N",143.84,0,0,0,0,0,0,"N",0,0.0,0,0,0,0,0,0,0,0,0,0,0,0
"56999","5","221115","78","0","2015","A","N","Unknown Or Undefined, Wyoming","Private","Wind electric power generation","County, NAICS 6-digit -- by ownership sector","All establishment sizes",2,0,0,0,0,0,0,"N",100.91,0,0,0,0,0,0,"N",1,100.0,0,0,0,0,0,0,0,0,0,0,0,0
"72000","5","221115","58","0","2015","A","N","Puerto Rico -- Statewide","Private","Wind electric power generation","State, NAICS 6-digit -- by ownership sector","All establishment sizes",1,0,0,0,0,0,0,"N",0.82,0,0,0,0,0,0,"N",-1,-50.0,0,0,0,0,0,0,0,0,0,0,0,0
"72133","5","221115","78","0","2015","A","N","Santa Isabel Municipio, Puerto Rico","Private","Wind electric power generation","County, NAICS 6-digit -- by ownership sector","All establishment sizes",1,0,0,0,0,0,0,"N",198.10,0,0,0,0,0,0,"N",0,0.0,0,0,0,0,0,0,0,0,0,0,0,0
"C1042","5","221115","48","0","2015","A","N","Akron, OH MSA","Private","Wind electric power generation","MSA, NAICS 6-digit -- by ownership sector","All establishment sizes",1,0,0,0,0,0,0,"N",2.17,0,0,0,0,0,0,"N",0,0.0,0,0,0,0,0,0,0,0,0,0,0,0
"C1058","5","221115","48","0","2015","A","N","Albany-Schenectady-Troy, NY MSA","Private","Wind electric power generation","MSA, NAICS 6-digit -- by ownership sector","All establishment sizes",2,0,0,0,0,0,0,"N",3.19,0,0,0,0,0,0,"N",0,0.0,0,0,0,0,0,0,0,0,0,0,0,0
"C1118","5","221115","48","0","2015","A","N","Ames, IA MSA","Private","Wind electric power generation","MSA, NAICS 6-digit -- by ownership sector","All establishment sizes",3,0,0,0,0,0,0,"N",44.51,0,0,0,0,0,0,"N",1,50.0,0,0,0,0,0,0,0,0,0,0,0,0
"C1126","5","221115","48","0","2015","A","N","Anchorage, AK MSA","Private","Wind electric power generation","MSA, NAICS 6-digit -- by ownership sector","All establishment sizes",1,0,0,0,0,0,0,"N",3.61,0,0,0,0,0,0,"N",0,0.0,0,0,0,0,0,0,0,0,0,0,0,0
"C1242","5","221115","48","0","2015","A","N","Austin-Round Rock, TX MSA","Private","Wind electric power generation","MSA, NAICS 6-digit -- by ownership sector","All establishment sizes",3,0,0,0,0,0,0,"N",2.15,0,0,0,0,0,0,"N",0,0.0,0,0,0,0,0,0,0,0,0,0,0,0
"C1254","5","221115","48","0","2015","A","","Bakersfield, CA MSA","Private","Wind electric power generation","MSA, NAICS 6-digit -- by ownership sector","All establishment sizes",11,91,6314151,614258,33443,1338,69577,"",23.77,9.58,8.25,5.55,5.42,0.86,0.86,"",-2,-15.4,-140,-60.6,-15360462,-70.9,-1260955,-67.2,-70051,-67.7,-470,-26.0,-24422,-26.0
"C1314","5","221115","48","0","2015","A","N","Beaumont-Port Arthur, TX MSA","Private","Wind electric power generation","MSA, NAICS 6-digit -- by ownership sector","All establishment sizes",1,0,0,0,0,0,0,"N",4.56,0,0,0,0,0,0,"N",0,0.0,0,0,0,0,0,0,0,0,0,0,0,0
"C1390","5","221115","48","0","2015","A","N","Bismarck, ND MSA","Private","Wind electric power generation","MSA, NAICS 6-digit -- by ownership sector","All establishment sizes",4,0,0,0,0,0,0,"N",31.62,0,0,0,0,0,0,"N",0,0.0,0,0,0,0,0,0,0,0,0,0,0,0
"C1446","5","221115","48","0","2015","A","N","Boston-Cambridge-Newton, MA-NH MSA","Private","Wind electric power generation","MSA, NAICS 6-digit -- by ownership sector","All establishment sizes",2,0,0,0,0,0,0,"N",0.48,0,0,0,0,0,0,"N",1,100.0,0,0,0,0,0,0,0,0,0,0,0,0
"C1554","5","221115","48","0","2015","A","N","Burlington-South Burlington, VT MSA","Private","Wind electric power generation","MSA, NAICS 6-digit -- by ownership sector","All establishment sizes",1,0,0,0,0,0,0,"N",4.74,0,0,0,0,0,0,"N",0,0.0,0,0,0,0,0,0,0,0,0,0,0,0
"C1622","5","221115","48","0","2015","A","N","Casper, WY MSA","Private","Wind electric power generation","MSA, NAICS 6-digit -- by ownership sector","All establishment sizes",1,0,0,0,0,0,0,"N",10.73,0,0,0,0,0,0,"N",1,100.0,0,0,0,0,0,0,0,0,0,0,0,0
"C1658","5","221115","48","0","2015","A","N","Champaign-Urbana, IL MSA","Private","Wind electric power generation","MSA, NAICS 6-digit -- by ownership sector","All establishment sizes",1,0,0,0,0,0,0,"N",7.32,0,0,0,0,0,0,"N",0,0.0,0,0,0,0,0,0,0,0,0,0,0,0
"C1694","5","221115","48","0","2015","A","N","Cheyenne, WY MSA","Private","Wind electric power generation","MSA, NAICS 6-digit -- by ownership sector","All establishment sizes",2,0,0,0,0,0,0,"N",20.89,0,0,0,0,0,0,"N",1,100.0,0,0,0,0,0,0,0,0,0,0,0,0
"C1698","5","221115","48","0","2015","A","N","Chicago-Naperville-Elgin, IL-IN-WI MSA","Private","Wind electric power generation","MSA, NAICS 6-digit -- by ownership sector","All establishment sizes",5,0,0,0,0,0,0,"N",0.68,0,0,0,0,0,0,"N",-2,-28.6,0,0,0,0,0,0,0,0,0,0,0,0
"C1858","5","221115","48","0","2015","A","N","Corpus Christi, TX MSA","Private","Wind electric power generation","MSA, NAICS 6-digit -- by ownership sector","All establishment sizes",3,0,0,0,0,0,0,"N",11.31,0,0,0,0,0,0,"N",0,0.0,0,0,0,0,0,0,0,0,0,0,0,0
"C1910","5","221115","48","0","2015","A","","Dallas-Fort Worth-Arlington, TX MSA","Private","Wind electric power generation","MSA, NAICS 6-digit -- by ownership sector","All establishment sizes",4,162,14747563,1879993,124485,1752,91128,"",0.91,1.62,1.40,1.25,3.04,0.86,0.86,"N",1,33.3,0,0,0,0,0,0,0,0,0,0,0,0
"C1934","5","221115","48","0","2015","A","N","Davenport-Moline-Rock Island, IA-IL MSA","Private","Wind electric power generation","MSA, NAICS 6-digit -- by ownership sector","All establishment sizes",2,0,0,0,0,0,0,"N",7.34,0,0,0,0,0,0,"N",0,0.0,0,0,0,0,0,0,0,0,0,0,0,0
"C1974","5","221115","48","0","2015","A","","Denver-Aurora-Lakewood, CO MSA","Private","Wind electric power generation","MSA, NAICS 6-digit -- by ownership sector","All establishment sizes",3,21,2870321,319012,7324,2587,134546,"",1.20,0.50,0.63,0.40,0.39,1.23,1.23,"",0,0.0,0,0.0,541414,23.2,14815,4.9,-3043,-29.4,437,20.3,22758,20.4
"C1982","5","221115","48","0","2015","A","N","Detroit-Warren-Dearborn, MI MSA","Private","Wind electric power generation","MSA, NAICS 6-digit -- by ownership sector","All establishment sizes",1,0,0,0,0,0,0,"N",0.40,0,0,0,0,0,0,"N",1,100.0,0,0,0,0,0,0,0,0,0,0,0,0
"C2238","5","221115","48","0","2015","A","N","Flagstaff, AZ MSA","Private","Wind electric power generation","MSA, NAICS 6-digit -- by ownership sector","All establishment sizes",1,0,0,0,0,0,0,"N",11.33,0,0,0,0,0,0,"N",0,0.0,0,0,0,0,0,0,0,0,0,0,0,0
"C2306","5","221115","48","0","2015","A","N","Fort Wayne, IN MSA","Private","Wind electric power generation","MSA, NAICS 6-digit -- by ownership sector","All establishment sizes",1,0,0,0,0,0,0,"N",3.77,0,0,0,0,0,0,"N",0,0.0,0,0,0,0,0,0,0,0,0,0,0,0
"C2422","5","221115","48","0","2015","A","N","Grand Forks, ND-MN MSA","Private","Wind electric power generation","MSA, NAICS 6-digit -- by ownership sector","All establishment sizes",1,0,0,0,0,0,0,"N",11.99,0,0,0,0,0,0,"N",0,0.0,0,0,0,0,0,0,0,0,0,0,0,0
"C2454","5","221115","48","0","2015","A","N","Greeley, CO MSA","Private","Wind electric power generation","MSA, NAICS 6-digit -- by ownership sector","All establishment sizes",3,0,0,0,0,0,0,"N",16.94,0,0,0,0,0,0,"N",0,0.0,0,0,0,0,0,0,0,0,0,0,0,0
"C2642","5","221115","48","0","2015","A","N","Houston-The Woodlands-Sugar Land, TX MSA","Private","Wind electric power generation","MSA, NAICS 6-digit -- by ownership sector","All establishment sizes",6,0,0,0,0,0,0,"N",1.52,0,0,0,0,0,0,"N",2,50.0,0,0,0,0,0,0,0,0,0,0,0,0
"C2682","5","221115","48","0","2015","A","N","Idaho Falls, ID MSA","Private","Wind electric power generation","MSA, NAICS 6-digit -- by ownership sector","All establishment sizes",3,0,0,0,0,0,0,"N",25.73,0,0,0,0,0,0,"N",0,0.0,0,0,0,0,0,0,0,0,0,0,0,0
"C2778","5","221115","48","0","2015","A","N","Johnstown, PA MSA","Private","Wind electric power generation","MSA, NAICS 6-digit -- by ownership sector","All establishment sizes",1,0,0,0,0,0,0,"N",10.57,0,0,0,0,0,0,"N",0,0.0,0,0,0,0,0,0,0,0,0,0,0,0
"C2798","5","221115","48","0","2015","A","N","Kahului-Wailuku-Lahaina, HI MSA","Private","Wind electric power generation","MSA, NAICS 6-digit -- by ownership sector","All establishment sizes",2,0,0,0,0,0,0,"N",12.76,0,0,0,0,0,0,"N",0,0.0,0,0,0,0,0,0,0,0,0,0,0,0
"C2814","5","221115","48","0","2015","A","N","Kansas City, MO-KS MSA","Private","Wind electric power generation","MSA, NAICS 6-digit -- by ownership sector","All establishment sizes",1,0,0,0,0,0,0,"N",0.62,0,0,0,0,0,0,"N",0,0.0,0,0,0,0,0,0,0,0,0,0,0,0
"C2842","5","221115","48","0","2015","A","N","Kennewick-Richland, WA MSA","Private","Wind electric power generation","MSA, NAICS 6-digit -- by ownership sector","All establishment sizes",1,0,0,0,0,0,0,"N",4.49,0,0,0,0,0,0,"N",0,0.0,0,0,0,0,0,0,0,0,0,0,0,0
"C2866","5","221115","48","0","2015","A","N","Killeen-Temple, TX MSA","Private","Wind electric power generation","MSA, NAICS 6-digit -- by ownership sector","All establishment sizes",1,0,0,0,0,0,0,"N",5.81,0,0,0,0,0,0,"N",1,100.0,0,0,0,0,0,0,0,0,0,0,0,0
"C2920","5","221115","48","0","2015","A","N","Lafayette-West Lafayette, IN MSA","Private","Wind electric power generation","MSA, NAICS 6-digit -- by ownership sector","All establishment sizes",2,0,0,0,0,0,0,"N",19.25,0,0,0,0,0,0,"N",0,0.0,0,0,0,0,0,0,0,0,0,0,0,0
"C3108","5","221115","48","0","2015","A","N","Los Angeles-Long Beach-Anaheim, CA MSA","Private","Wind electric power generation","MSA, NAICS 6-digit -- by ownership sector","All establishment sizes",2,0,0,0,0,0,0,"N",0.13,0,0,0,0,0,0,"N",1,100.0,0,0,0,0,0,0,0,0,0,0,0,0
"C3290","5","221115","48","0","2015","A","N","Merced, CA MSA","Private","Wind electric power generation","MSA, NAICS 6-digit -- by ownership sector","All establishment sizes",1,0,0,0,0,0,0,"N",6.20,0,0,0,0,0,0,"N",0,0.0,0,0,0,0,0,0,0,0,0,0,0,0
"C3310","5","221115","48","0","2015","A","N","Miami-Fort Lauderdale-West Palm Beach, FL MSA","Private","Wind electric power generation","MSA, NAICS 6-digit -- by ownership sector","All establishment sizes",2,0,0,0,0,0,0,"N",0.35,0,0,0,0,0,0,"N",0,0.0,0,0,0,0,0,0,0,0,0,0,0,0
"C3346","5","221115","48","0","2015","A","N","Minneapolis-St. Paul-Bloomington, MN-WI MSA","Private","Wind electric power generation","MSA, NAICS 6-digit -- by ownership sector","All establishment sizes",1,0,0,0,0,0,0,"N",0.43,0,0,0,0,0,0,"N",0,0.0,0,0,0,0,0,0,0,0,0,0,0,0
"C3494","5","221115","48","0","2015","A","N","Naples-Immokalee-Marco Island, FL MSA","Private","Wind electric power generation","MSA, NAICS 6-digit -- by ownership sector","All establishment sizes",1,0,0,0,0,0,0,"N",2.92,0,0,0,0,0,0,"N",1,100.0,0,0,0,0,0,0,0,0,0,0,0,0
"C3642","5","221115","48","0","2015","A","","Oklahoma City, OK MSA","Private","Wind electric power generation","MSA, NAICS 6-digit -- by ownership sector","All establishment sizes",3,22,2215853,404095,19707,1944,101104,"",2.91,1.21,1.42,1.01,5.41,1.18,1.18,"",0,0.0,11,100.0,1180480,114.0,117187,40.8,5603,39.7,187,10.6,9748,10.7
"C3798","5","221115","48","0","2015","A","N","Philadelphia-Camden-Wilmington, PA-NJ-DE-MD MSA","Private","Wind electric power generation","MSA, NAICS 6-digit -- by ownership sector","All establishment sizes",1,0,0,0,0,0,0,"N",0.23,0,0,0,0,0,0,"N",1,100.0,0,0,0,0,0,0,0,0,0,0,0,0
"C3830","5","221115","48","0","2015","A","N","Pittsburgh, PA MSA","Private","Wind electric power generation","MSA, NAICS 6-digit -- by ownership sector","All establishment sizes",1,0,0,0,0,0,0,"N",0.60,0,0,0,0,0,0,"N",0,0.0,0,0,0,0,0,0,0,0,0,0,0,0
"C3886","5","221115","48","0","2015","A","N","Portland-South Portland, ME MSA","Private","Wind electric power generation","MSA, NAICS 6-digit -- by ownership sector","All establishment sizes",1,0,0,0,0,0,0,"N",1.80,0,0,0,0,0,0,"N",0,0.0,0,0,0,0,0,0,0,0,0,0,0,0
"C3890","5","221115","48","0","2015","A","N","Portland-Vancouver-Hillsboro, OR-WA MSA","Private","Wind electric power generation","MSA, NAICS 6-digit -- by ownership sector","All establishment sizes",5,0,0,0,0,0,0,"N",2.29,0,0,0,0,0,0,"N",1,25.0,0,0,0,0,0,0,0,0,0,0,0,0
"C3930","5","221115","48","0","2015","A","N","Providence-Warwick, RI-MA MSA","Private","Wind electric power generation","MSA, NAICS 6-digit -- by ownership sector","All establishment sizes",1,0,0,0,0,0,0,"N",0.77,0,0,0,0,0,0,"N",0,0.0,0,0,0,0,0,0,0,0,0,0,0,0
"C4014","5","221115","48","0","2015","A","","Riverside-San Bernardino-Ontario, CA MSA","Private","Wind electric power generation","MSA, NAICS 6-digit -- by ownership sector","All establishment sizes",7,93,7439373,555847,33545,1536,79850,"",2.42,2.27,2.30,1.24,1.44,1.01,1.01,"",1,16.7,8,9.4,1624874,27.9,-54634,-8.9,-2487,-6.9,219,16.6,11377,16.6
"C4090","5","221115","48","0","2015","A","N","Sacramento--Roseville--Arden-Arcade, CA MSA","Private","Wind electric power generation","MSA, NAICS 6-digit -- by ownership sector","All establishment sizes",1,0,0,0,0,0,0,"N",0.49,0,0,0,0,0,0,"N",0,0.0,0,0,0,0,0,0,0,0,0,0,0,0
"C4170","5","221115","48","0","2015","A","N","San Antonio-New Braunfels, TX MSA","Private","Wind electric power generation","MSA, NAICS 6-digit -- by ownership sector","All establishment sizes",2,0,0,0,0,0,0,"N",1.58,0,0,0,0,0,0,"N",2,100.0,0,0,0,0,0,0,0,0,0,0,0,0
"C4174","5","221115","48","0","2015","A","N","San Diego-Carlsbad, CA MSA","Private","Wind electric power generation","MSA, NAICS 6-digit -- by ownership sector","All establishment sizes",2,0,0,0,0,0,0,"N",0.73,0,0,0,0,0,0,"N",1,100.0,0,0,0,0,0,0,0,0,0,0,0,0
"C4186","5","221115","48","0","2015","A","N","San Francisco-Oakland-Hayward, CA MSA","Private","Wind electric power generation","MSA, NAICS 6-digit -- by ownership sector","All establishment sizes",6,0,0,0,0,0,0,"N",1.21,0,0,0,0,0,0,"N",1,20.0,0,0,0,0,0,0,0,0,0,0,0,0
"C4214","5","221115","48","0","2015","A","N","Santa Fe, NM MSA","Private","Wind electric power generation","MSA, NAICS 6-digit -- by ownership sector","All establishment sizes",2,0,0,0,0,0,0,"N",13.72,0,0,0,0,0,0,"N",1,100.0,0,0,0,0,0,0,0,0,0,0,0,0
"C4254","5","221115","48","0","2015","A","N","Scranton--Wilkes-Barre--Hazleton, PA MSA","Private","Wind electric power generation","MSA, NAICS 6-digit -- by ownership sector","All establishment sizes",1,0,0,0,0,0,0,"N",2.69,0,0,0,0,0,0,"N",0,0.0,0,0,0,0,0,0,0,0,0,0,0,0
"C4266","5","221115","48","0","2015","A","N","Seattle-Tacoma-Bellevue, WA MSA","Private","Wind electric power generation","MSA, NAICS 6-digit -- by ownership sector","All establishment sizes",1,0,0,0,0,0,0,"N",0.29,0,0,0,0,0,0,"N",0,0.0,0,0,0,0,0,0,0,0,0,0,0,0
"C4362","5","221115","48","0","2015","A","N","Sioux Falls, SD MSA","Private","Wind electric power generation","MSA, NAICS 6-digit -- by ownership sector","All establishment sizes",1,0,0,0,0,0,0,"N",4.10,0,0,0,0,0,0,"N",0,0.0,0,0,0,0,0,0,0,0,0,0,0,0
"C4470","5","221115","48","0","2015","A","N","Stockton-Lodi, CA MSA","Private","Wind electric power generation","MSA, NAICS 6-digit -- by ownership sector","All establishment sizes",2,0,0,0,0,0,0,"N",4.45,0,0,0,0,0,0,"N",0,0.0,0,0,0,0,0,0,0,0,0,0,0,0
"C4614","5","221115","48","0","2015","A","N","Tulsa, OK MSA","Private","Wind electric power generation","MSA, NAICS 6-digit -- by ownership sector","All establishment sizes",1,0,0,0,0,0,0,"N",1.36,0,0,0,0,0,0,"N",1,100.0,0,0,0,0,0,0,0,0,0,0,0,0
"C4652","5","221115","48","0","2015","A","N","Urban Honolulu, HI MSA","Private","Wind electric power generation","MSA, NAICS 6-digit -- by ownership sector","All establishment sizes",1,0,0,0,0,0,0,"N",1.51,0,0,0,0,0,0,"N",0,0.0,0,0,0,0,0,0,0,0,0,0,0,0
"C4670","5","221115","48","0","2015","A","N","Vallejo-Fairfield, CA MSA","Private","Wind electric power generation","MSA, NAICS 6-digit -- by ownership sector","All establishment sizes",2,0,0,0,0,0,0,"N",7.19,0,0,0,0,0,0,"N",0,0.0,0,0,0,0,0,0,0,0,0,0,0,0
"C4746","5","221115","48","0","2015","A","N","Walla Walla, WA MSA","Private","Wind electric power generation","MSA, NAICS 6-digit -- by ownership sector","All establishment sizes",1,0,0,0,0,0,0,"N",15.57,0,0,0,0,0,0,"N",0,0.0,0,0,0,0,0,0,0,0,0,0,0,0
"C4790","5","221115","48","0","2015","A","N","Washington-Arlington-Alexandria, DC-VA-MD-WV MSA","Private","Wind electric power generation","MSA, NAICS 6-digit -- by ownership sector","All establishment sizes",1,0,0,0,0,0,0,"N",0.20,0,0,0,0,0,0,"N",0,0.0,0,0,0,0,0,0,0,0,0,0,0,0
"C4862","5","221115","48","0","2015","A","N","Wichita, KS MSA","Private","Wind electric power generation","MSA, NAICS 6-digit -- by ownership sector","All establishment sizes",2,0,0,0,0,0,0,"N",4.84,0,0,0,0,0,0,"N",1,100.0,0,0,0,0,0,0,0,0,0,0,0,0
"US000","3","221115","18","0","2015","A","N","U.S. TOTAL","Local Government","Wind electric power generation","National, NAICS 6-digit -- by ownership sector","All establishment sizes",1,0,0,0,0,0,0,"N",1.00,0,0,0,0,0,0,"N",0,0.0,0,0,0,0,0,0,0,0,0,0,0,0
"US000","5","221115","18","0","2015","A","","U.S. TOTAL","Private","Wind electric power generation","National, NAICS 6-digit -- by ownership sector","All establishment sizes",253,4245,410304873,74108453,2126300,1859,96647,"",1.00,1.00,1.00,1.00,1.00,1.00,1.00,"",22,9.5,834,24.5,69736312,20.5,9583340,14.9,179939,9.2,-61,-3.2,-3205,-3.2
